{"cameraMode":{"drawMode":0,"name":"Shaded","section":"Shading Mode"},"sceneLighting":false,"audioPlay":false,"sceneViewState":{"showFog":true,"showMaterialUpdate":false,"showSkybox":false,"showFlares":true,"showImageEffects":true,"showParticleSystems":true},"in2DMode":false,"pivot":{"x":4.0,"y":11.20198917388916,"z":1.1920928955078126e-7},"rotation":{"x":-0.11554202437400818,"y":-0.012815899215638638,"z":0.0014909104211255909,"w":-0.9932188391685486},"size":3.58146333694458,"orthographic":false}