{"cameraMode":{"drawMode":0,"name":"Shaded","section":"Shading Mode"},"sceneLighting":false,"audioPlay":false,"sceneViewState":{"showFog":true,"showMaterialUpdate":false,"showSkybox":false,"showFlares":true,"showImageEffects":true,"showParticleSystems":true},"in2DMode":false,"pivot":{"x":13.220000267028809,"y":1.0399999618530274,"z":0.0},"rotation":{"x":-0.11554202437400818,"y":-0.012815899215638638,"z":0.0014909104211255909,"w":-0.9932188391685486},"size":6.620284557342529,"orthographic":false}